classical,modern,alt,senseID,example,source,symbol,type,frequency,editor
"△","▽","",1,"△△△ → ▽▽▽","作者《標題》 index_001","""""(自然)","自然",14,"all"
"△","▼","",2,"△△△ → ▽▼▼","作者《標題》 index_003","~","通假",6,"all"
"△","▼ ... ▼","",3,"△△△ → ▽▼▽▼","作者《標題》 index_011","x","重構",2,"all"
"不","不","",1,"不以其道得之， → 不用那正確的方法獲得它，","作者《標題》 index_002","""""(自然)","自然",4,"all"
"之","它","",1,"不以其道得之， → 不用那正確的方法獲得它，","作者《標題》 index_002","""""(自然)","自然",3,"all"
"之","的","",2,"欲人之無惑也難矣！ → 想人的沒有疑惑呢困難了！","作者《標題》 index_006","-","省譯",1,"all"
"而","而","",1,"折頸而亡。 → 折斷頸項而死亡。","韓非《守株待兔》 hanfeizi-rabbitwaiting-005","""""(自然)","自然",3,"all"
"而","但","卻",2,"青，取之於藍，而青於藍； → 藍色，從藍草取得它，但比藍草藍；","作者《標題》 index_010","""""(自然)","自然",1,"all"
"師","以人為師","",1,"則恥師焉， → 就認為以人為師羞恥呢，","作者《標題》 index_012","x","重構",4,"all"
"株","樹樁","",1,"守株待兔 → 守着樹樁等待兔子","韓非《守株待兔》 hanfeizi-rabbitwaiting-001","""""(自然)","自然",4,"all"
"兔","兔子","",1,"守株待兔 → 守着樹樁等待兔子","韓非《守株待兔》 hanfeizi-rabbitwaiting-001","""""(自然)","自然",4,"all"
"得","得到","",1,"冀復得兔。 → 希望又再得到兔子。","韓非《守株待兔》 hanfeizi-rabbitwaiting-007","""""(自然)","自然",2,"all"
"得","獲得","",2,"不以其道得之， → 不用那正確的方法獲得它，","作者《標題》 index_002","""""(自然)","自然",1,"all"
"有","有","",1,"宋人有耕者， → 宋國人有一個耕田的人，","韓非《守株待兔》 hanfeizi-rabbitwaiting-002","""""(自然)","自然",2,"all"
"有","又","",2,"雖有槁暴， → 即使又枯乾、曬，","作者《標題》 index_004","~","通假",1,"all"
"以","用","",1,"不以其道得之， → 不用那正確的方法獲得它，","作者《標題》 index_002","""""(自然)","自然",1,"all"
"以","憑","",2,"不仁者，不可以久處約， → 不仁德的人，不可以憑它長久置身在貧困中，","作者《標題》 index_008","""""(自然)","自然",1,"all"
"其","那","",1,"不以其道得之， → 不用那正確的方法獲得它，","作者《標題》 index_002","""""(自然)","自然",1,"all"
"其","他的","",2,"因釋其耒而守株， → 耕田的人於是放下他的農具而守着樹樁，","韓非《守株待兔》 hanfeizi-rabbitwaiting-006","""""(自然)","自然",1,"all"
"人","人","",1,"欲人之無惑也難矣！ → 想人的沒有疑惑呢困難了！","作者《標題》 index_006","""""(自然)","自然",2,"all"
"者","的人","",1,"不仁者，不可以久處約， → 不仁德的人，不可以憑它長久置身在貧困中，","作者《標題》 index_008","""""(自然)","自然",2,"all"
"可","可以","",1,"不仁者，不可以久處約， → 不仁德的人，不可以憑它長久置身在貧困中，","作者《標題》 index_008","""""(自然)","自然",2,"all"
"青","藍色","",1,"青，取之於藍，而青於藍； → 藍色，從藍草取得它，但比藍草藍；","作者《標題》 index_010","""""(自然)","自然",1,"all"
"青","藍","",2,"青，取之於藍，而青於藍； → 藍色，從藍草取得它，但比藍草藍；","作者《標題》 index_010","""""(自然)","自然",1,"all"
"於","從","",1,"青，取之於藍，而青於藍； → 藍色，從藍草取得它，但比藍草藍；","作者《標題》 index_010","^","倒置",1,"all"
"於","比","",2,"青，取之於藍，而青於藍； → 藍色，從藍草取得它，但比藍草藍；","作者《標題》 index_010","^","倒置",1,"all"
"藍","藍草","",1,"青，取之於藍，而青於藍； → 藍色，從藍草取得它，但比藍草藍；","作者《標題》 index_010","^","倒置",2,"all"
"恥","認為 ... 羞恥","感到",1,"則恥師焉， → 就認為以人為師羞恥呢，","作者《標題》 index_012","x","重構",2,"all"
"為","做","",1,"冰，水為之， → 冰，水做它，","作者《標題》 index_014","#","文意",1,"all"
"為","被","",2,"而身為宋國笑。 → 而自己卻被宋國國嘲笑。","韓非《守株待兔》 hanfeizi-rabbitwaiting-009","""""(自然)","自然",1,"all"
"守","守着","",1,"守株待兔 → 守着樹樁等待兔子","韓非《守株待兔》 hanfeizi-rabbitwaiting-001","""""(自然)","自然",2,"all"
"宋","宋國","",1,"宋人有耕者， → 宋國人有一個耕田的人，","韓非《守株待兔》 hanfeizi-rabbitwaiting-002","""""(自然)","自然",2,"all"
"復","又再","",1,"冀復得兔。 → 希望又再得到兔子。","韓非《守株待兔》 hanfeizi-rabbitwaiting-007","""""(自然)","自然",2,"all"
"道","正確的方法","",1,"不以其道得之， → 不用那正確的方法獲得它，","作者《標題》 index_002","""""(自然)","自然",1,"all"
"雖","即使","",1,"雖有槁暴， → 即使又枯乾、曬，","作者《標題》 index_004","""""(自然)","自然",1,"all"
"槁","枯乾","",1,"雖有槁暴， → 即使又枯乾、曬，","作者《標題》 index_004","~","通假",1,"all"
"暴","曬","",1,"雖有槁暴， → 即使又枯乾、曬，","作者《標題》 index_004","*","古今",1,"all"
"欲","想","",1,"欲人之無惑也難矣！ → 想人的沒有疑惑呢困難了！","作者《標題》 index_006","""""(自然)","自然",1,"all"
"無","沒有","",1,"欲人之無惑也難矣！ → 想人的沒有疑惑呢困難了！","作者《標題》 index_006","""""(自然)","自然",1,"all"
"惑","疑惑","",1,"欲人之無惑也難矣！ → 想人的沒有疑惑呢困難了！","作者《標題》 index_006","""""(自然)","自然",1,"all"
"也","呢","",1,"欲人之無惑也難矣！ → 想人的沒有疑惑呢困難了！","作者《標題》 index_006","""""(自然)","自然",1,"all"
"難","困難","",1,"欲人之無惑也難矣！ → 想人的沒有疑惑呢困難了！","作者《標題》 index_006","""""(自然)","自然",1,"all"
"矣","了","",1,"欲人之無惑也難矣！ → 想人的沒有疑惑呢困難了！","作者《標題》 index_006","""""(自然)","自然",1,"all"
"仁","仁德","",1,"不仁者，不可以久處約， → 不仁德的人，不可以憑它長久置身在貧困中，","作者《標題》 index_008","""""(自然)","自然",1,"all"
"久","長久","",1,"不仁者，不可以久處約， → 不仁德的人，不可以憑它長久置身在貧困中，","作者《標題》 index_008","""""(自然)","自然",1,"all"
"處","置身","",1,"不仁者，不可以久處約， → 不仁德的人，不可以憑它長久置身在貧困中，","作者《標題》 index_008","""""(自然)","自然",1,"all"
"約","貧困","",1,"不仁者，不可以久處約， → 不仁德的人，不可以憑它長久置身在貧困中，","作者《標題》 index_008","""""(自然)","自然",1,"all"
"取","取得","",1,"青，取之於藍，而青於藍； → 藍色，從藍草取得它，但比藍草藍；","作者《標題》 index_010","""""(自然)","自然",1,"all"
"則","就","",1,"則恥師焉， → 就認為以人為師羞恥呢，","作者《標題》 index_012","""""(自然)","自然",1,"all"
"焉","呢","",1,"則恥師焉， → 就認為以人為師羞恥呢，","作者《標題》 index_012","""""(自然)","自然",1,"all"
"冰","冰","",1,"冰，水為之， → 冰，水做它，","作者《標題》 index_014","""""(自然)","自然",1,"all"
"水","水","",1,"冰，水為之， → 冰，水做它，","作者《標題》 index_014","""""(自然)","自然",1,"all"
"待","等待","",1,"守株待兔 → 守着樹樁等待兔子","韓非《守株待兔》 hanfeizi-rabbitwaiting-001","""""(自然)","自然",1,"all"
"耕","耕田","",1,"宋人有耕者， → 宋國人有一個耕田的人，","韓非《守株待兔》 hanfeizi-rabbitwaiting-002","""""(自然)","自然",1,"all"
"田","田","",1,"田中有株， → 田中有一棵樹樁，","韓非《守株待兔》 hanfeizi-rabbitwaiting-003","""""(自然)","自然",1,"all"
"中","中","",1,"田中有株， → 田中有一棵樹樁，","韓非《守株待兔》 hanfeizi-rabbitwaiting-003","""""(自然)","自然",1,"all"
"走","跑過","",1,"兔走觸株， → 一隻兔子跑過，撞上樹樁，","韓非《守株待兔》 hanfeizi-rabbitwaiting-004","""""(自然)","自然",1,"all"
"觸","撞上","",1,"兔走觸株， → 一隻兔子跑過，撞上樹樁，","韓非《守株待兔》 hanfeizi-rabbitwaiting-004","""""(自然)","自然",1,"all"
"折","折斷","",1,"折頸而亡。 → 折斷頸項而死亡。","韓非《守株待兔》 hanfeizi-rabbitwaiting-005","""""(自然)","自然",1,"all"
"頸","頸項","",1,"折頸而亡。 → 折斷頸項而死亡。","韓非《守株待兔》 hanfeizi-rabbitwaiting-005","""""(自然)","自然",1,"all"
"亡","死亡","",1,"折頸而亡。 → 折斷頸項而死亡。","韓非《守株待兔》 hanfeizi-rabbitwaiting-005","""""(自然)","自然",1,"all"
"因","於是","",1,"因釋其耒而守株， → 耕田的人於是放下他的農具而守着樹樁，","韓非《守株待兔》 hanfeizi-rabbitwaiting-006","""""(自然)","自然",1,"all"
"釋","放下","",1,"因釋其耒而守株， → 耕田的人於是放下他的農具而守着樹樁，","韓非《守株待兔》 hanfeizi-rabbitwaiting-006","""""(自然)","自然",1,"all"
"耒","農具","",1,"因釋其耒而守株， → 耕田的人於是放下他的農具而守着樹樁，","韓非《守株待兔》 hanfeizi-rabbitwaiting-006","""""(自然)","自然",1,"all"
"冀","希望","",1,"冀復得兔。 → 希望又再得到兔子。","韓非《守株待兔》 hanfeizi-rabbitwaiting-007","""""(自然)","自然",1,"all"
"身","自己","",1,"而身為宋國笑。 → 而自己卻被宋國國嘲笑。","韓非《守株待兔》 hanfeizi-rabbitwaiting-009","""""(自然)","自然",1,"all"
"國","國","",1,"而身為宋國笑。 → 而自己卻被宋國國嘲笑。","韓非《守株待兔》 hanfeizi-rabbitwaiting-009","-","省譯",1,"all"
"笑","嘲笑","",1,"而身為宋國笑。 → 而自己卻被宋國國嘲笑。","韓非《守株待兔》 hanfeizi-rabbitwaiting-009","""""(自然)","自然",1,"all"
